Key,Value
User_1,Name_1
User_2,Name_2
User_3,Name_3
User_4,Name_4
User_5,Name_5
User_6,Name_6
User_7,Name_7
User_8,Name_8
User_9,Name_9
User_10,Name_10
User_11,Name_11
User_12,Name_12
User_13,Name_13
User_14,Name_14
User_15,Name_15
User_16,Name_16
User_17,Name_17
User_18,Name_18
User_19,Name_19
User_20,Name_20
User_21,Name_21
User_22,Name_22
User_23,Name_23
User_24,Name_24
User_25,Name_25
User_26,Name_26
User_27,Name_27
User_28,Name_28
User_29,Name_29
User_30,Name_30
User_31,Name_31
User_32,Name_32
User_33,Name_33
User_34,Name_34
User_35,Name_35
User_36,Name_36
User_37,Name_37
User_38,Name_38
User_39,Name_39
User_40,Name_40
User_41,Name_41
User_42,Name_42
User_43,Name_43
User_44,Name_44
User_45,Name_45
User_46,Name_46
User_47,Name_47
User_48,Name_48
User_49,Name_49
User_50,Name_50
User_51,Name_51
User_52,Name_52
User_53,Name_53
User_54,Name_54
User_55,Name_55
User_56,Name_56
User_57,Name_57
User_58,Name_58
User_59,Name_59
User_60,Name_60
User_61,Name_61
User_62,Name_62
User_63,Name_63
User_64,Name_64
User_65,Name_65
User_66,Name_66
User_67,Name_67
User_68,Name_68
User_69,Name_69
User_70,Name_70
User_71,Name_71
User_72,Name_72
User_73,Name_73
User_74,Name_74
User_75,Name_75
User_76,Name_76
User_77,Name_77
User_78,Name_78
User_79,Name_79
User_80,Name_80
User_81,Name_81
User_82,Name_82
User_83,Name_83
User_84,Name_84
User_85,Name_85
User_86,Name_86
User_87,Name_87
User_88,Name_88
User_89,Name_89
User_90,Name_90
User_91,Name_91
User_92,Name_92
User_93,Name_93
User_94,Name_94
User_95,Name_95
User_96,Name_96
User_97,Name_97
User_98,Name_98
User_99,Name_99
User_100,Name_100
User_101,Name_101
User_102,Name_102
User_103,Name_103
User_104,Name_104
User_105,Name_105
User_106,Name_106
User_107,Name_107
User_108,Name_108
User_109,Name_109
User_110,Name_110
User_111,Name_111
User_112,Name_112
User_113,Name_113
User_114,Name_114
User_115,Name_115
User_116,Name_116
User_117,Name_117
User_118,Name_118
User_119,Name_119
User_120,Name_120
User_121,Name_121
User_122,Name_122
User_123,Name_123
User_124,Name_124
User_125,Name_125
User_126,Name_126
User_127,Name_127
User_128,Name_128
User_129,Name_129
User_130,Name_130
User_131,Name_131
User_132,Name_132
User_133,Name_133
User_134,Name_134
User_135,Name_135
User_136,Name_136
User_137,Name_137
User_138,Name_138
User_139,Name_139
User_140,Name_140
User_141,Name_141
User_142,Name_142
User_143,Name_143
User_144,Name_144
User_145,Name_145
User_146,Name_146
User_147,Name_147
User_148,Name_148
User_149,Name_149
User_150,Name_150
User_151,Name_151
User_152,Name_152
User_153,Name_153
User_154,Name_154
User_155,Name_155
User_156,Name_156
User_157,Name_157
User_158,Name_158
User_159,Name_159
User_160,Name_160
User_161,Name_161
User_162,Name_162
User_163,Name_163
User_164,Name_164
User_165,Name_165
User_166,Name_166
User_167,Name_167
User_168,Name_168
User_169,Name_169
User_170,Name_170
User_171,Name_171
User_172,Name_172
User_173,Name_173
User_174,Name_174
User_175,Name_175
User_176,Name_176
User_177,Name_177
User_178,Name_178
User_179,Name_179
User_180,Name_180
User_181,Name_181
User_182,Name_182
User_183,Name_183
User_184,Name_184
User_185,Name_185
User_186,Name_186
User_187,Name_187
User_188,Name_188
User_189,Name_189
User_190,Name_190
User_191,Name_191
User_192,Name_192
User_193,Name_193
User_194,Name_194
User_195,Name_195
User_196,Name_196
User_197,Name_197
User_198,Name_198
User_199,Name_199
User_200,Name_200
User_201,Name_201
User_202,Name_202
User_203,Name_203
User_204,Name_204
User_205,Name_205
User_206,Name_206
User_207,Name_207
User_208,Name_208
User_209,Name_209
User_210,Name_210
User_211,Name_211
User_212,Name_212
User_213,Name_213
User_214,Name_214
User_215,Name_215
User_216,Name_216
User_217,Name_217
User_218,Name_218
User_219,Name_219
User_220,Name_220
User_221,Name_221
User_222,Name_222
User_223,Name_223
User_224,Name_224
User_225,Name_225
User_226,Name_226
User_227,Name_227
User_228,Name_228
User_229,Name_229
User_230,Name_230
User_231,Name_231
User_232,Name_232
User_233,Name_233
User_234,Name_234
User_235,Name_235
User_236,Name_236
User_237,Name_237
User_238,Name_238
User_239,Name_239
User_240,Name_240
User_241,Name_241
User_242,Name_242
User_243,Name_243
User_244,Name_244
User_245,Name_245
User_246,Name_246
User_247,Name_247
User_248,Name_248
User_249,Name_249
User_250,Name_250
User_251,Name_251
User_252,Name_252
User_253,Name_253
User_254,Name_254
User_255,Name_255
User_256,Name_256
User_257,Name_257
User_258,Name_258
User_259,Name_259
User_260,Name_260
User_261,Name_261
User_262,Name_262
User_263,Name_263
User_264,Name_264
User_265,Name_265
User_266,Name_266
User_267,Name_267
User_268,Name_268
User_269,Name_269
User_270,Name_270
User_271,Name_271
User_272,Name_272
User_273,Name_273
User_274,Name_274
User_275,Name_275
User_276,Name_276
User_277,Name_277
User_278,Name_278
User_279,Name_279
User_280,Name_280
User_281,Name_281
User_282,Name_282
User_283,Name_283
User_284,Name_284
User_285,Name_285
User_286,Name_286
User_287,Name_287
User_288,Name_288
User_289,Name_289
User_290,Name_290
User_291,Name_291
User_292,Name_292
User_293,Name_293
User_294,Name_294
User_295,Name_295
User_296,Name_296
User_297,Name_297
User_298,Name_298
User_299,Name_299
User_300,Name_300
User_301,Name_301
User_302,Name_302
User_303,Name_303
User_304,Name_304
User_305,Name_305
User_306,Name_306
User_307,Name_307
User_308,Name_308
User_309,Name_309
User_310,Name_310
User_311,Name_311
User_312,Name_312
User_313,Name_313
User_314,Name_314
User_315,Name_315
User_316,Name_316
User_317,Name_317
User_318,Name_318
User_319,Name_319
User_320,Name_320
User_321,Name_321
User_322,Name_322
User_323,Name_323
User_324,Name_324
User_325,Name_325
User_326,Name_326
User_327,Name_327
User_328,Name_328
User_329,Name_329
User_330,Name_330
User_331,Name_331
User_332,Name_332
User_333,Name_333
User_334,Name_334
User_335,Name_335
User_336,Name_336
User_337,Name_337
User_338,Name_338
User_339,Name_339
User_340,Name_340
User_341,Name_341
User_342,Name_342
User_343,Name_343
User_344,Name_344
User_345,Name_345
User_346,Name_346
User_347,Name_347
User_348,Name_348
User_349,Name_349
User_350,Name_350
User_351,Name_351
User_352,Name_352
User_353,Name_353
User_354,Name_354
User_355,Name_355
User_356,Name_356
User_357,Name_357
User_358,Name_358
User_359,Name_359
User_360,Name_360
User_361,Name_361
User_362,Name_362
User_363,Name_363
User_364,Name_364
User_365,Name_365
User_366,Name_366
User_367,Name_367
User_368,Name_368
User_369,Name_369
User_370,Name_370
User_371,Name_371
User_372,Name_372
User_373,Name_373
User_374,Name_374
User_375,Name_375
User_376,Name_376
User_377,Name_377
User_378,Name_378
User_379,Name_379
User_380,Name_380
User_381,Name_381
User_382,Name_382
User_383,Name_383
User_384,Name_384
User_385,Name_385
User_386,Name_386
User_387,Name_387
User_388,Name_388
User_389,Name_389
User_390,Name_390
User_391,Name_391
User_392,Name_392
User_393,Name_393
User_394,Name_394
User_395,Name_395
User_396,Name_396
User_397,Name_397
User_398,Name_398
User_399,Name_399
User_400,Name_400
User_401,Name_401
User_402,Name_402
User_403,Name_403
User_404,Name_404
User_405,Name_405
User_406,Name_406
User_407,Name_407
User_408,Name_408
User_409,Name_409
User_410,Name_410
User_411,Name_411
User_412,Name_412
User_413,Name_413
User_414,Name_414
User_415,Name_415
User_416,Name_416
User_417,Name_417
User_418,Name_418
User_419,Name_419
User_420,Name_420
User_421,Name_421
User_422,Name_422
User_423,Name_423
User_424,Name_424
User_425,Name_425
User_426,Name_426
User_427,Name_427
User_428,Name_428
User_429,Name_429
User_430,Name_430
User_431,Name_431
User_432,Name_432
User_433,Name_433
User_434,Name_434
User_435,Name_435
User_436,Name_436
User_437,Name_437
User_438,Name_438
User_439,Name_439
User_440,Name_440
User_441,Name_441
User_442,Name_442
User_443,Name_443
User_444,Name_444
User_445,Name_445
User_446,Name_446
User_447,Name_447
User_448,Name_448
User_449,Name_449
User_450,Name_450
User_451,Name_451
User_452,Name_452
User_453,Name_453
User_454,Name_454
User_455,Name_455
User_456,Name_456
User_457,Name_457
User_458,Name_458
User_459,Name_459
User_460,Name_460
User_461,Name_461
User_462,Name_462
User_463,Name_463
User_464,Name_464
User_465,Name_465
User_466,Name_466
User_467,Name_467
User_468,Name_468
User_469,Name_469
User_470,Name_470
User_471,Name_471
User_472,Name_472
User_473,Name_473
User_474,Name_474
User_475,Name_475
User_476,Name_476
User_477,Name_477
User_478,Name_478
User_479,Name_479
User_480,Name_480
User_481,Name_481
User_482,Name_482
User_483,Name_483
User_484,Name_484
User_485,Name_485
User_486,Name_486
User_487,Name_487
User_488,Name_488
User_489,Name_489
User_490,Name_490
User_491,Name_491
User_492,Name_492
User_493,Name_493
User_494,Name_494
User_495,Name_495
User_496,Name_496
User_497,Name_497
User_498,Name_498
User_499,Name_499
User_500,Name_500
User_501,Name_501
User_502,Name_502
User_503,Name_503
User_504,Name_504
User_505,Name_505
User_506,Name_506
User_507,Name_507
User_508,Name_508
User_509,Name_509
User_510,Name_510
User_511,Name_511
User_512,Name_512
User_513,Name_513
User_514,Name_514
User_515,Name_515
User_516,Name_516
User_517,Name_517
User_518,Name_518
User_519,Name_519
User_520,Name_520
User_521,Name_521
User_522,Name_522
User_523,Name_523
User_524,Name_524
User_525,Name_525
User_526,Name_526
User_527,Name_527
User_528,Name_528
User_529,Name_529
User_530,Name_530
User_531,Name_531
User_532,Name_532
User_533,Name_533
User_534,Name_534
User_535,Name_535
User_536,Name_536
User_537,Name_537
User_538,Name_538
User_539,Name_539
User_540,Name_540
User_541,Name_541
User_542,Name_542
User_543,Name_543
User_544,Name_544
User_545,Name_545
User_546,Name_546
User_547,Name_547
User_548,Name_548
User_549,Name_549
User_550,Name_550
User_551,Name_551
User_552,Name_552
User_553,Name_553
User_554,Name_554
User_555,Name_555
User_556,Name_556
User_557,Name_557
User_558,Name_558
User_559,Name_559
User_560,Name_560
User_561,Name_561
User_562,Name_562
User_563,Name_563
User_564,Name_564
User_565,Name_565
User_566,Name_566
User_567,Name_567
User_568,Name_568
User_569,Name_569
User_570,Name_570
User_571,Name_571
User_572,Name_572
User_573,Name_573
User_574,Name_574
User_575,Name_575
User_576,Name_576
User_577,Name_577
User_578,Name_578
User_579,Name_579
User_580,Name_580
User_581,Name_581
User_582,Name_582
User_583,Name_583
User_584,Name_584
User_585,Name_585
User_586,Name_586
User_587,Name_587
User_588,Name_588
User_589,Name_589
User_590,Name_590
User_591,Name_591
User_592,Name_592
User_593,Name_593
User_594,Name_594
User_595,Name_595
User_596,Name_596
User_597,Name_597
User_598,Name_598
User_599,Name_599
User_600,Name_600
User_601,Name_601
User_602,Name_602
User_603,Name_603
User_604,Name_604
User_605,Name_605
User_606,Name_606
User_607,Name_607
User_608,Name_608
User_609,Name_609
User_610,Name_610
User_611,Name_611
User_612,Name_612
User_613,Name_613
User_614,Name_614
User_615,Name_615
User_616,Name_616
User_617,Name_617
User_618,Name_618
User_619,Name_619
User_620,Name_620
User_621,Name_621
User_622,Name_622
User_623,Name_623
User_624,Name_624
User_625,Name_625
User_626,Name_626
User_627,Name_627
User_628,Name_628
User_629,Name_629
User_630,Name_630
User_631,Name_631
User_632,Name_632
User_633,Name_633
User_634,Name_634
User_635,Name_635
User_636,Name_636
User_637,Name_637
User_638,Name_638
User_639,Name_639
User_640,Name_640
User_641,Name_641
User_642,Name_642
User_643,Name_643
User_644,Name_644
User_645,Name_645
User_646,Name_646
User_647,Name_647
User_648,Name_648
User_649,Name_649
User_650,Name_650
User_651,Name_651
User_652,Name_652
User_653,Name_653
User_654,Name_654
User_655,Name_655
User_656,Name_656
User_657,Name_657
User_658,Name_658
User_659,Name_659
User_660,Name_660
User_661,Name_661
User_662,Name_662
User_663,Name_663
User_664,Name_664
User_665,Name_665
User_666,Name_666
User_667,Name_667
User_668,Name_668
User_669,Name_669
User_670,Name_670
User_671,Name_671
User_672,Name_672
User_673,Name_673
User_674,Name_674
User_675,Name_675
User_676,Name_676
User_677,Name_677
User_678,Name_678
User_679,Name_679
User_680,Name_680
User_681,Name_681
User_682,Name_682
User_683,Name_683
User_684,Name_684
User_685,Name_685
User_686,Name_686
User_687,Name_687
User_688,Name_688
User_689,Name_689
User_690,Name_690
User_691,Name_691
User_692,Name_692
User_693,Name_693
User_694,Name_694
User_695,Name_695
User_696,Name_696
User_697,Name_697
User_698,Name_698
User_699,Name_699
User_700,Name_700
User_701,Name_701
User_702,Name_702
User_703,Name_703
User_704,Name_704
User_705,Name_705
User_706,Name_706
User_707,Name_707
User_708,Name_708
User_709,Name_709
User_710,Name_710
User_711,Name_711
User_712,Name_712
User_713,Name_713
User_714,Name_714
User_715,Name_715
User_716,Name_716
User_717,Name_717
User_718,Name_718
User_719,Name_719
User_720,Name_720
User_721,Name_721
User_722,Name_722
User_723,Name_723
User_724,Name_724
User_725,Name_725
User_726,Name_726
User_727,Name_727
User_728,Name_728
User_729,Name_729
User_730,Name_730
User_731,Name_731
User_732,Name_732
User_733,Name_733
User_734,Name_734
User_735,Name_735
User_736,Name_736
User_737,Name_737
User_738,Name_738
User_739,Name_739
User_740,Name_740
User_741,Name_741
User_742,Name_742
User_743,Name_743
User_744,Name_744
User_745,Name_745
User_746,Name_746
User_747,Name_747
User_748,Name_748
User_749,Name_749
User_750,Name_750
User_751,Name_751
User_752,Name_752
User_753,Name_753
User_754,Name_754
User_755,Name_755
User_756,Name_756
User_757,Name_757
User_758,Name_758
User_759,Name_759
User_760,Name_760
User_761,Name_761
User_762,Name_762
User_763,Name_763
User_764,Name_764
User_765,Name_765
User_766,Name_766
User_767,Name_767
User_768,Name_768
User_769,Name_769
User_770,Name_770
User_771,Name_771
User_772,Name_772
User_773,Name_773
User_774,Name_774
User_775,Name_775
User_776,Name_776
User_777,Name_777
User_778,Name_778
User_779,Name_779
User_780,Name_780
User_781,Name_781
User_782,Name_782
User_783,Name_783
User_784,Name_784
User_785,Name_785
User_786,Name_786
User_787,Name_787
User_788,Name_788
User_789,Name_789
User_790,Name_790
User_791,Name_791
User_792,Name_792
User_793,Name_793
User_794,Name_794
User_795,Name_795
User_796,Name_796
User_797,Name_797
User_798,Name_798
User_799,Name_799
User_800,Name_800
User_801,Name_801
User_802,Name_802
User_803,Name_803
User_804,Name_804
User_805,Name_805
User_806,Name_806
User_807,Name_807
User_808,Name_808
User_809,Name_809
User_810,Name_810
User_811,Name_811
User_812,Name_812
User_813,Name_813
User_814,Name_814
User_815,Name_815
User_816,Name_816
User_817,Name_817
User_818,Name_818
User_819,Name_819
User_820,Name_820
User_821,Name_821
User_822,Name_822
User_823,Name_823
User_824,Name_824
User_825,Name_825
User_826,Name_826
User_827,Name_827
User_828,Name_828
User_829,Name_829
User_830,Name_830
User_831,Name_831
User_832,Name_832
User_833,Name_833
User_834,Name_834
User_835,Name_835
User_836,Name_836
User_837,Name_837
User_838,Name_838
User_839,Name_839
User_840,Name_840
User_841,Name_841
User_842,Name_842
User_843,Name_843
User_844,Name_844
User_845,Name_845
User_846,Name_846
User_847,Name_847
User_848,Name_848
User_849,Name_849
User_850,Name_850
User_851,Name_851
User_852,Name_852
User_853,Name_853
User_854,Name_854
User_855,Name_855
User_856,Name_856
User_857,Name_857
User_858,Name_858
User_859,Name_859
User_860,Name_860
User_861,Name_861
User_862,Name_862
User_863,Name_863
User_864,Name_864
User_865,Name_865
User_866,Name_866
User_867,Name_867
User_868,Name_868
User_869,Name_869
User_870,Name_870
User_871,Name_871
User_872,Name_872
User_873,Name_873
User_874,Name_874
User_875,Name_875
User_876,Name_876
User_877,Name_877
User_878,Name_878
User_879,Name_879
User_880,Name_880
User_881,Name_881
User_882,Name_882
User_883,Name_883
User_884,Name_884
User_885,Name_885
User_886,Name_886
User_887,Name_887
User_888,Name_888
User_889,Name_889
User_890,Name_890
User_891,Name_891
User_892,Name_892
User_893,Name_893
User_894,Name_894
User_895,Name_895
User_896,Name_896
User_897,Name_897
User_898,Name_898
User_899,Name_899
User_900,Name_900
User_901,Name_901
User_902,Name_902
User_903,Name_903
User_904,Name_904
User_905,Name_905
User_906,Name_906
User_907,Name_907
User_908,Name_908
User_909,Name_909
User_910,Name_910
User_911,Name_911
User_912,Name_912
User_913,Name_913
User_914,Name_914
User_915,Name_915
User_916,Name_916
User_917,Name_917
User_918,Name_918
User_919,Name_919
User_920,Name_920
User_921,Name_921
User_922,Name_922
User_923,Name_923
User_924,Name_924
User_925,Name_925
User_926,Name_926
User_927,Name_927
User_928,Name_928
User_929,Name_929
User_930,Name_930
User_931,Name_931
User_932,Name_932
User_933,Name_933
User_934,Name_934
User_935,Name_935
User_936,Name_936
User_937,Name_937
User_938,Name_938
User_939,Name_939
User_940,Name_940
User_941,Name_941
User_942,Name_942
User_943,Name_943
User_944,Name_944
User_945,Name_945
User_946,Name_946
User_947,Name_947
User_948,Name_948
User_949,Name_949
User_950,Name_950
User_951,Name_951
User_952,Name_952
User_953,Name_953
User_954,Name_954
User_955,Name_955
User_956,Name_956
User_957,Name_957
User_958,Name_958
User_959,Name_959
User_960,Name_960
User_961,Name_961
User_962,Name_962
User_963,Name_963
User_964,Name_964
User_965,Name_965
User_966,Name_966
User_967,Name_967
User_968,Name_968
User_969,Name_969
User_970,Name_970
User_971,Name_971
User_972,Name_972
User_973,Name_973
User_974,Name_974
User_975,Name_975
User_976,Name_976
User_977,Name_977
User_978,Name_978
User_979,Name_979
User_980,Name_980
User_981,Name_981
User_982,Name_982
User_983,Name_983
User_984,Name_984
User_985,Name_985
User_986,Name_986
User_987,Name_987
User_988,Name_988
User_989,Name_989
User_990,Name_990
User_991,Name_991
User_992,Name_992
User_993,Name_993
User_994,Name_994
User_995,Name_995
User_996,Name_996
User_997,Name_997
User_998,Name_998
User_999,Name_999
User_1000,Name_1000
